id,name,model_id:id,group_id:id,perm_read,perm_write,perm_create,perm_unlink
access_loan_management,access_loan.management,model_loan_management,base.group_user,1,1,1,1
access_loan_type,access_loan.type,model_loan_type,base.group_user,1,1,1,1
access_loan_rules,access_loan.rules,model_loan_rules,base.group_user,1,1,1,1

access_loan_eligibility_criteria,access_loan.eligibility.criteria,model_loan_eligibility_criteria,base.group_user,1,1,1,1
access_loan_type_document,access_loan.type.document,model_loan_type_document,base.group_user,1,1,1,1
access_loan_management_document,access_loan.management.document,model_loan_management_document,base.group_user,1,1,1,1


access_loan_decline_wizard,access_loan.decline.wizard,model_loan_decline_wizard,base.group_user,1,1,1,1


access_loan_management_emi_user,access_loan.management.emi.user,model_loan_management_emi,loan.group_loan_user,1,0,1,0
access_loan_management_emi_manager,access_loan.management.emi.manager,model_loan_management_emi,loan.group_loan_admin,1,1,1,1


