<?xml version="1.0" encoding="utf-8"?>
  <odoo>


    <record id="module_category_loan" model="ir.module.category">
        <field name="name">Loan</field>
    </record>

    <record id="module_sub_category_loan" model="ir.module.category">
        <field name="name">Loan</field>
        <field name="parent_id" ref="loan.module_category_loan"/>
    </record>

    <record id="group_loan_user" model="res.groups">
        <field name="name">Users</field>
        <field name="category_id" ref="loan.module_sub_category_loan"/>
        <field name="implied_ids" eval="[(4, ref('base.group_user'))]"/>  
    </record>

    <record id="group_loan_admin" model="res.groups">
        <field name="name">Admin</field>
        <field name="category_id" ref="loan.module_sub_category_loan"/>
        <field name="implied_ids" eval="[(4, ref('loan.group_loan_user'))]"/>
    </record>


    <record id="access_for_loan_profile" model="ir.rule">
        <field name="name">Access loan Profile</field>
        <field name="model_id" ref="model_loan_management_emi"/>
        <field name="domain_force">[(1,'=',1)]</field>  
        <field name="groups" eval="[(4, ref('loan.group_loan_user')), (4, ref('loan.group_loan_admin'))]"/>
    </record>
  </odoo>


  